{"train/loss": 0.2301, "train/learning_rate": 1.228395061728395e-05, "train/epoch": 1.16, "train/global_step": 500, "_timestamp": 1720851264.826632, "_runtime": 2569.691884994507, "_step": 2, "eval/loss": 0.1628016084432602, "eval/precision": 0.8440075279141063, "eval/recall": 0.7898305084745763, "eval/f1": 0.8153415555559277, "eval/runtime": 18.7239, "eval/samples_per_second": 92.235, "eval/steps_per_second": 11.536}