{"eval/loss": 0.17499348521232605, "eval/precision": 0.832644027006434, "eval/recall": 0.8121827411167513, "eval/f1": 0.821965769645509, "eval/runtime": 18.6821, "eval/samples_per_second": 92.441, "eval/steps_per_second": 11.562, "train/epoch": 5.0, "train/global_step": 2160, "_timestamp": 1720855043.4679794, "_runtime": 3658.7200775146484, "_step": 17, "train/loss": 0.0697, "train/learning_rate": 1.4814814814814815e-06, "train/train_runtime": 2097.4086, "train/train_samples_per_second": 32.933, "train/train_steps_per_second": 1.03, "train/total_flos": 1.81750488712704e+16, "train/train_loss": 0.12781258556577896}